Question	Clear marks	Obtain marks	Time	Test_result
100	50	50	60	1
100	50	51	60	1
100	50	52	60	1
100	50	53	60	1
100	50	54	60	1
100	50	55	60	1
100	50	56	60	1
100	50	57	60	1
100	50	58	60	1
100	50	59	60	1
100	50	60	60	1
100	50	61	60	1
100	50	62	60	1
100	50	63	60	1
100	50	64	60	1
100	50	65	60	1
100	50	66	60	1
100	50	67	60	1
100	50	68	60	1
100	50	69	60	1
100	50	70	60	2
100	50	71	60	2
100	50	72	60	2
100	50	73	60	2
100	50	74	60	2
100	50	75	60	2
100	50	76	60	2
100	50	77	60	2
100	50	78	60	2
100	50	79	60	2
100	50	80	60	3
100	50	81	60	3
100	50	82	60	3
100	50	83	60	3
100	50	84	60	3
100	50	85	60	3
100	50	86	60	3
100	50	87	60	3
100	50	88	60	3
100	50	89	60	3
100	50	90	60	3
100	50	91	60	3
100	50	92	60	3
100	50	93	60	3
100	50	94	60	3
100	50	95	60	3
100	50	96	60	3
100	50	97	60	3
100	50	98	60	3
100	50	99	60	3
100	50	100	60	3
100	50	50	59	1
100	50	51	59	1
100	50	52	59	1
100	50	53	59	1
100	50	54	59	1
100	50	55	59	1
100	50	56	59	1
100	50	57	59	1
100	50	58	59	1
100	50	59	59	1
100	50	60	59	1
100	50	61	59	1
100	50	62	59	1
100	50	63	59	1
100	50	64	59	1
100	50	65	59	1
100	50	66	59	1
100	50	67	59	1
100	50	68	59	1
100	50	69	59	1
100	50	70	59	2
100	50	71	59	2
100	50	72	59	2
100	50	73	59	2
100	50	74	59	2
100	50	75	59	2
100	50	76	59	2
100	50	77	59	2
100	50	78	59	2
100	50	79	59	2
100	50	80	59	3
100	50	81	59	3
100	50	82	59	3
100	50	83	59	3
100	50	84	59	3
100	50	85	59	3
100	50	86	59	3
100	50	87	59	3
100	50	88	59	3
100	50	89	59	3
100	50	90	59	3
100	50	91	59	3
100	50	92	59	3
100	50	93	59	3
100	50	94	59	3
100	50	95	59	3
100	50	96	59	3
100	50	97	59	3
100	50	98	59	3
100	50	99	59	3
100	50	100	59	3
100	50	50	58	1
100	50	51	58	1
100	50	52	58	1
100	50	53	58	1
100	50	54	58	1
100	50	55	58	1
100	50	56	58	1
100	50	57	58	1
100	50	58	58	1
100	50	59	58	1
100	50	60	58	1
100	50	61	58	1
100	50	62	58	1
100	50	63	58	1
100	50	64	58	1
100	50	65	58	1
100	50	66	58	1
100	50	67	58	1
100	50	68	58	1
100	50	69	58	1
100	50	70	58	2
100	50	71	58	2
100	50	72	58	2
100	50	73	58	2
100	50	74	58	2
100	50	75	58	2
100	50	76	58	2
100	50	77	58	2
100	50	78	58	2
100	50	79	58	2
100	50	80	58	3
100	50	81	58	3
100	50	82	58	3
100	50	83	58	3
100	50	84	58	3
100	50	85	58	3
100	50	86	58	3
100	50	87	58	3
100	50	88	58	3
100	50	89	58	3
100	50	90	58	3
100	50	91	58	3
100	50	92	58	3
100	50	93	58	3
100	50	94	58	3
100	50	95	58	3
100	50	96	58	3
100	50	97	58	3
100	50	98	58	3
100	50	99	58	3
100	50	100	58	3
100	50	50	57	1
100	50	51	57	1
100	50	52	57	1
100	50	53	57	1
100	50	54	57	1
100	50	55	57	1
100	50	56	57	1
100	50	57	57	1
100	50	58	57	1
100	50	59	57	1
100	50	60	57	1
100	50	61	57	1
100	50	62	57	1
100	50	63	57	1
100	50	64	57	1
100	50	65	57	1
100	50	66	57	1
100	50	67	57	1
100	50	68	57	1
100	50	69	57	1
100	50	70	57	2
100	50	71	57	2
100	50	72	57	2
100	50	73	57	2
100	50	74	57	2
100	50	75	57	2
100	50	76	57	2
100	50	77	57	2
100	50	78	57	2
100	50	79	57	2
100	50	80	57	3
100	50	81	57	3
100	50	82	57	3
100	50	83	57	3
100	50	84	57	3
100	50	85	57	3
100	50	86	57	3
100	50	87	57	3
100	50	88	57	3
100	50	89	57	3
100	50	90	57	3
100	50	91	57	3
100	50	92	57	3
100	50	93	57	3
100	50	94	57	3
100	50	95	57	3
100	50	96	57	3
100	50	97	57	3
100	50	98	57	3
100	50	99	57	3
100	50	100	57	3
100	50	50	56	1
100	50	51	56	1
100	50	52	56	1
100	50	53	56	1
100	50	54	56	1
100	50	55	56	1
100	50	56	56	1
100	50	57	56	1
100	50	58	56	1
100	50	59	56	1
100	50	60	56	1
100	50	61	56	1
100	50	62	56	1
100	50	63	56	1
100	50	64	56	1
100	50	65	56	1
100	50	66	56	1
100	50	67	56	1
100	50	68	56	1
100	50	69	56	1
100	50	70	56	2
100	50	71	56	2
100	50	72	56	2
100	50	73	56	2
100	50	74	56	2
100	50	75	56	2
100	50	76	56	2
100	50	77	56	2
100	50	78	56	2
100	50	79	56	2
100	50	80	56	3
100	50	81	56	3
100	50	82	56	3
100	50	83	56	3
100	50	84	56	3
100	50	85	56	3
100	50	86	56	3
100	50	87	56	3
100	50	88	56	3
100	50	89	56	3
100	50	90	56	3
100	50	91	56	3
100	50	92	56	3
100	50	93	56	3
100	50	94	56	3
100	50	95	56	3
100	50	96	56	3
100	50	97	56	3
100	50	98	56	3
100	50	99	56	3
100	50	100	56	3
100	50	50	55	1
100	50	51	55	1
100	50	52	55	1
100	50	53	55	1
100	50	54	55	1
100	50	55	55	1
100	50	56	55	1
100	50	57	55	1
100	50	58	55	1
100	50	59	55	1
100	50	60	55	1
100	50	61	55	1
100	50	62	55	1
100	50	63	55	1
100	50	64	55	1
100	50	65	55	1
100	50	66	55	1
100	50	67	55	1
100	50	68	55	1
100	50	69	55	1
100	50	70	55	2
100	50	71	55	2
100	50	72	55	2
100	50	73	55	2
100	50	74	55	2
100	50	75	55	2
100	50	76	55	2
100	50	77	55	2
100	50	78	55	2
100	50	79	55	2
100	50	80	55	3
100	50	81	55	3
100	50	82	55	3
100	50	83	55	3
100	50	84	55	3
100	50	85	55	3
100	50	86	55	3
100	50	87	55	3
100	50	88	55	3
100	50	89	55	3
100	50	90	55	3
100	50	91	55	3
100	50	92	55	3
100	50	93	55	3
100	50	94	55	3
100	50	95	55	3
100	50	96	55	3
100	50	97	55	3
100	50	98	55	3
100	50	99	55	3
100	50	100	55	3
100	50	50	54	1
100	50	51	54	1
100	50	52	54	1
100	50	53	54	1
100	50	54	54	1
100	50	55	54	1
100	50	56	54	1
100	50	57	54	1
100	50	58	54	1
100	50	59	54	1
100	50	60	54	1
100	50	61	54	1
100	50	62	54	1
100	50	63	54	1
100	50	64	54	1
100	50	65	54	1
100	50	66	54	1
100	50	67	54	1
100	50	68	54	1
100	50	69	54	1
100	50	70	54	2
100	50	71	54	2
100	50	72	54	2
100	50	73	54	2
100	50	74	54	2
100	50	75	54	2
100	50	76	54	2
100	50	77	54	2
100	50	78	54	2
100	50	79	54	2
100	50	80	54	3
100	50	81	54	3
100	50	82	54	3
100	50	83	54	3
100	50	84	54	3
100	50	85	54	3
100	50	86	54	3
100	50	87	54	3
100	50	88	54	3
100	50	89	54	3
100	50	90	54	3
100	50	91	54	3
100	50	92	54	3
100	50	93	54	3
100	50	94	54	3
100	50	95	54	3
100	50	96	54	3
100	50	97	54	3
100	50	98	54	3
100	50	99	54	3
100	50	100	54	3
100	50	50	53	1
100	50	51	53	1
100	50	52	53	1
100	50	53	53	1
100	50	54	53	1
100	50	55	53	1
100	50	56	53	1
100	50	57	53	1
100	50	58	53	1
100	50	59	53	1
100	50	60	53	1
100	50	61	53	1
100	50	62	53	1
100	50	63	53	1
100	50	64	53	1
100	50	65	53	1
100	50	66	53	1
100	50	67	53	1
100	50	68	53	1
100	50	69	53	1
100	50	70	53	2
100	50	71	53	2
100	50	72	53	2
100	50	73	53	2
100	50	74	53	2
100	50	75	53	2
100	50	76	53	2
100	50	77	53	2
100	50	78	53	2
100	50	79	53	2
100	50	80	53	3
100	50	81	53	3
100	50	82	53	3
100	50	83	53	3
100	50	84	53	3
100	50	85	53	3
100	50	86	53	3
100	50	87	53	3
100	50	88	53	3
100	50	89	53	3
100	50	90	53	3
100	50	91	53	3
100	50	92	53	3
100	50	93	53	3
100	50	94	53	3
100	50	95	53	3
100	50	96	53	3
100	50	97	53	3
100	50	98	53	3
100	50	99	53	3
100	50	100	53	3
100	50	50	52	1
100	50	51	52	1
100	50	52	52	1
100	50	53	52	1
100	50	54	52	1
100	50	55	52	1
100	50	56	52	1
100	50	57	52	1
100	50	58	52	1
100	50	59	52	1
100	50	60	52	1
100	50	61	52	1
100	50	62	52	1
100	50	63	52	1
100	50	64	52	1
100	50	65	52	1
100	50	66	52	1
100	50	67	52	1
100	50	68	52	1
100	50	69	52	1
100	50	70	52	2
100	50	71	52	2
100	50	72	52	2
100	50	73	52	2
100	50	74	52	2
100	50	75	52	2
100	50	76	52	2
100	50	77	52	2
100	50	78	52	2
100	50	79	52	2
100	50	80	52	3
100	50	81	52	3
100	50	82	52	3
100	50	83	52	3
100	50	84	52	3
100	50	85	52	3
100	50	86	52	3
100	50	87	52	3
100	50	88	52	3
100	50	89	52	3
100	50	90	52	3
100	50	91	52	3
100	50	92	52	3
100	50	93	52	3
100	50	94	52	3
100	50	95	52	3
100	50	96	52	3
100	50	97	52	3
100	50	98	52	3
100	50	99	52	3
100	50	100	52	3
100	50	50	51	1
100	50	51	51	1
100	50	52	51	1
100	50	53	51	1
100	50	54	51	1
100	50	55	51	1
100	50	56	51	1
100	50	57	51	1
100	50	58	51	1
100	50	59	51	1
100	50	60	51	1
100	50	61	51	1
100	50	62	51	1
100	50	63	51	1
100	50	64	51	1
100	50	65	51	1
100	50	66	51	1
100	50	67	51	1
100	50	68	51	1
100	50	69	51	1
100	50	70	51	2
100	50	71	51	2
100	50	72	51	2
100	50	73	51	2
100	50	74	51	2
100	50	75	51	2
100	50	76	51	2
100	50	77	51	2
100	50	78	51	2
100	50	79	51	2
100	50	80	51	3
100	50	81	51	3
100	50	82	51	3
100	50	83	51	3
100	50	84	51	3
100	50	85	51	3
100	50	86	51	3
100	50	87	51	3
100	50	88	51	3
100	50	89	51	3
100	50	90	51	3
100	50	91	51	3
100	50	92	51	3
100	50	93	51	3
100	50	94	51	3
100	50	95	51	3
100	50	96	51	3
100	50	97	51	3
100	50	98	51	3
100	50	99	51	3
100	50	100	51	3
100	50	50	50	1
100	50	51	50	1
100	50	52	50	1
100	50	53	50	1
100	50	54	50	1
100	50	55	50	1
100	50	56	50	1
100	50	57	50	1
100	50	58	50	1
100	50	59	50	1
100	50	60	50	1
100	50	61	50	1
100	50	62	50	1
100	50	63	50	1
100	50	64	50	1
100	50	65	50	1
100	50	66	50	1
100	50	67	50	1
100	50	68	50	1
100	50	69	50	1
100	50	70	50	2
100	50	71	50	2
100	50	72	50	2
100	50	73	50	2
100	50	74	50	2
100	50	75	50	2
100	50	76	50	2
100	50	77	50	2
100	50	78	50	2
100	50	79	50	2
100	50	80	50	3
100	50	81	50	3
100	50	82	50	3
100	50	83	50	3
100	50	84	50	3
100	50	85	50	3
100	50	86	50	3
100	50	87	50	3
100	50	88	50	3
100	50	89	50	3
100	50	90	50	3
100	50	91	50	3
100	50	92	50	3
100	50	93	50	3
100	50	94	50	3
100	50	95	50	3
100	50	96	50	3
100	50	97	50	3
100	50	98	50	3
100	50	99	50	3
100	50	100	50	3
100	50	50	49	1
100	50	51	49	1
100	50	52	49	1
100	50	53	49	1
100	50	54	49	1
100	50	55	49	1
100	50	56	49	1
100	50	57	49	1
100	50	58	49	1
100	50	59	49	1
100	50	60	49	1
100	50	61	49	1
100	50	62	49	1
100	50	63	49	1
100	50	64	49	1
100	50	65	49	1
100	50	66	49	1
100	50	67	49	1
100	50	68	49	1
100	50	69	49	1
100	50	70	49	2
100	50	71	49	2
100	50	72	49	2
100	50	73	49	2
100	50	74	49	2
100	50	75	49	2
100	50	76	49	2
100	50	77	49	2
100	50	78	49	2
100	50	79	49	2
100	50	80	49	3
100	50	81	49	3
100	50	82	49	3
100	50	83	49	3
100	50	84	49	3
100	50	85	49	3
100	50	86	49	3
100	50	87	49	3
100	50	88	49	3
100	50	89	49	3
100	50	90	49	3
100	50	91	49	3
100	50	92	49	3
100	50	93	49	3
100	50	94	49	3
100	50	95	49	3
100	50	96	49	3
100	50	97	49	3
100	50	98	49	3
100	50	99	49	3
100	50	100	49	3
100	50	50	48	1
100	50	51	48	1
100	50	52	48	1
100	50	53	48	1
100	50	54	48	1
100	50	55	48	1
100	50	56	48	1
100	50	57	48	1
100	50	58	48	1
100	50	59	48	1
100	50	60	48	1
100	50	61	48	1
100	50	62	48	1
100	50	63	48	1
100	50	64	48	1
100	50	65	48	1
100	50	66	48	1
100	50	67	48	1
100	50	68	48	1
100	50	69	48	1
100	50	70	48	2
100	50	71	48	2
100	50	72	48	2
100	50	73	48	2
100	50	74	48	2
100	50	75	48	2
100	50	76	48	2
100	50	77	48	2
100	50	78	48	2
100	50	79	48	2
100	50	80	48	3
100	50	81	48	3
100	50	82	48	3
100	50	83	48	3
100	50	84	48	3
100	50	85	48	3
100	50	86	48	3
100	50	87	48	3
100	50	88	48	3
100	50	89	48	3
100	50	90	48	3
100	50	91	48	3
100	50	92	48	3
100	50	93	48	3
100	50	94	48	3
100	50	95	48	3
100	50	96	48	3
100	50	97	48	3
100	50	98	48	3
100	50	99	48	3
100	50	100	48	3
100	50	50	47	1
100	50	51	47	1
100	50	52	47	1
100	50	53	47	1
100	50	54	47	1
100	50	55	47	1
100	50	56	47	1
100	50	57	47	1
100	50	58	47	1
100	50	59	47	1
100	50	60	47	1
100	50	61	47	1
100	50	62	47	1
100	50	63	47	1
100	50	64	47	1
100	50	65	47	1
100	50	66	47	1
100	50	67	47	1
100	50	68	47	1
100	50	69	47	1
100	50	70	47	2
100	50	71	47	2
100	50	72	47	2
100	50	73	47	2
100	50	74	47	2
100	50	75	47	2
100	50	76	47	2
100	50	77	47	2
100	50	78	47	2
100	50	79	47	2
100	50	80	47	3
100	50	81	47	3
100	50	82	47	3
100	50	83	47	3
100	50	84	47	3
100	50	85	47	3
100	50	86	47	3
100	50	87	47	3
100	50	88	47	3
100	50	89	47	3
100	50	90	47	3
100	50	91	47	3
100	50	92	47	3
100	50	93	47	3
100	50	94	47	3
100	50	95	47	3
100	50	96	47	3
100	50	97	47	3
100	50	98	47	3
100	50	99	47	3
100	50	100	47	3
100	50	50	46	1
100	50	51	46	1
100	50	52	46	1
100	50	53	46	1
100	50	54	46	1
100	50	55	46	1
100	50	56	46	1
100	50	57	46	1
100	50	58	46	1
100	50	59	46	1
100	50	60	46	1
100	50	61	46	1
100	50	62	46	1
100	50	63	46	1
100	50	64	46	1
100	50	65	46	1
100	50	66	46	1
100	50	67	46	1
100	50	68	46	1
100	50	69	46	1
100	50	70	46	2
100	50	71	46	2
100	50	72	46	2
100	50	73	46	2
100	50	74	46	2
100	50	75	46	2
100	50	76	46	2
100	50	77	46	2
100	50	78	46	2
100	50	79	46	2
100	50	80	46	3
100	50	81	46	3
100	50	82	46	3
100	50	83	46	3
100	50	84	46	3
100	50	85	46	3
100	50	86	46	3
100	50	87	46	3
100	50	88	46	3
100	50	89	46	3
100	50	90	46	3
100	50	91	46	3
100	50	92	46	3
100	50	93	46	3
100	50	94	46	3
100	50	95	46	3
100	50	96	46	3
100	50	97	46	3
100	50	98	46	3
100	50	99	46	3
100	50	100	46	3
100	50	50	45	1
100	50	51	45	1
100	50	52	45	1
100	50	53	45	1
100	50	54	45	1
100	50	55	45	1
100	50	56	45	1
100	50	57	45	1
100	50	58	45	1
100	50	59	45	1
100	50	60	45	1
100	50	61	45	1
100	50	62	45	1
100	50	63	45	1
100	50	64	45	1
100	50	65	45	1
100	50	66	45	1
100	50	67	45	1
100	50	68	45	1
100	50	69	45	1
100	50	70	45	2
100	50	71	45	2
100	50	72	45	2
100	50	73	45	2
100	50	74	45	2
100	50	75	45	2
100	50	76	45	2
100	50	77	45	2
100	50	78	45	2
100	50	79	45	2
100	50	80	45	3
100	50	81	45	3
100	50	82	45	3
100	50	83	45	3
100	50	84	45	3
100	50	85	45	3
100	50	86	45	3
100	50	87	45	3
100	50	88	45	3
100	50	89	45	3
100	50	90	45	3
100	50	91	45	3
100	50	92	45	3
100	50	93	45	3
100	50	94	45	3
100	50	95	45	3
100	50	96	45	3
100	50	97	45	3
100	50	98	45	3
100	50	99	45	3
100	50	100	45	3
100	50	50	44	1
100	50	51	44	1
100	50	52	44	1
100	50	53	44	1
100	50	54	44	1
100	50	55	44	1
100	50	56	44	1
100	50	57	44	1
100	50	58	44	1
100	50	59	44	1
100	50	60	44	1
100	50	61	44	1
100	50	62	44	1
100	50	63	44	1
100	50	64	44	1
100	50	65	44	1
100	50	66	44	1
100	50	67	44	1
100	50	68	44	1
100	50	69	44	1
100	50	70	44	2
100	50	71	44	2
100	50	72	44	2
100	50	73	44	2
100	50	74	44	2
100	50	75	44	2
100	50	76	44	2
100	50	77	44	2
100	50	78	44	2
100	50	79	44	2
100	50	80	44	3
100	50	81	44	3
100	50	82	44	3
100	50	83	44	3
100	50	84	44	3
100	50	85	44	3
100	50	86	44	3
100	50	87	44	3
100	50	88	44	3
100	50	89	44	3
100	50	90	44	3
100	50	91	44	3
100	50	92	44	3
100	50	93	44	3
100	50	94	44	3
100	50	95	44	3
100	50	96	44	3
100	50	97	44	3
100	50	98	44	3
100	50	99	44	3
100	50	100	44	3
100	50	50	43	1
100	50	51	43	1
100	50	52	43	1
100	50	53	43	1
100	50	54	43	1
100	50	55	43	1
100	50	56	43	1
100	50	57	43	1
100	50	58	43	1
100	50	59	43	1
100	50	60	43	1
100	50	61	43	1
100	50	62	43	1
100	50	63	43	1
100	50	64	43	1
100	50	65	43	1
100	50	66	43	1
100	50	67	43	1
100	50	68	43	1
100	50	69	43	1
100	50	70	43	2
100	50	71	43	2
100	50	72	43	2
100	50	73	43	2
100	50	74	43	2
100	50	75	43	2
100	50	76	43	2
100	50	77	43	2
100	50	78	43	2
100	50	79	43	2
100	50	80	43	3
100	50	81	43	3
100	50	82	43	3
100	50	83	43	3
100	50	84	43	3
100	50	85	43	3
100	50	86	43	3
100	50	87	43	3
100	50	88	43	3
100	50	89	43	3
100	50	90	43	3
100	50	91	43	3
100	50	92	43	3
100	50	93	43	3
100	50	94	43	3
100	50	95	43	3
100	50	96	43	3
100	50	97	43	3
100	50	98	43	3
100	50	99	43	3
100	50	100	43	3
100	50	50	42	1
100	50	51	42	1
100	50	52	42	1
100	50	53	42	1
100	50	54	42	1
100	50	55	42	1
100	50	56	42	1
100	50	57	42	1
100	50	58	42	1
100	50	59	42	1
100	50	60	42	1
100	50	61	42	1
100	50	62	42	1
100	50	63	42	1
100	50	64	42	1
100	50	65	42	1
100	50	66	42	1
100	50	67	42	1
100	50	68	42	1
100	50	69	42	1
100	50	70	42	2
100	50	71	42	2
100	50	72	42	2
100	50	73	42	2
100	50	74	42	2
100	50	75	42	2
100	50	76	42	2
100	50	77	42	2
100	50	78	42	2
100	50	79	42	2
100	50	80	42	3
100	50	81	42	3
100	50	82	42	3
100	50	83	42	3
100	50	84	42	3
100	50	85	42	3
100	50	86	42	3
100	50	87	42	3
100	50	88	42	3
100	50	89	42	3
100	50	90	42	3
100	50	91	42	3
100	50	92	42	3
100	50	93	42	3
100	50	94	42	3
100	50	95	42	3
100	50	96	42	3
100	50	97	42	3
100	50	98	42	3
100	50	99	42	3
100	50	100	42	3
100	50	50	41	1
100	50	51	41	1
100	50	52	41	1
100	50	53	41	1
100	50	54	41	1
100	50	55	41	1
100	50	56	41	1
100	50	57	41	1
100	50	58	41	1
100	50	59	41	1
100	50	60	41	1
100	50	61	41	1
100	50	62	41	1
100	50	63	41	1
100	50	64	41	1
100	50	65	41	1
100	50	66	41	1
100	50	67	41	1
100	50	68	41	1
100	50	69	41	1
100	50	70	41	2
100	50	71	41	2
100	50	72	41	2
100	50	73	41	2
100	50	74	41	2
100	50	75	41	2
100	50	76	41	2
100	50	77	41	2
100	50	78	41	2
100	50	79	41	2
100	50	80	41	3
100	50	81	41	3
100	50	82	41	3
100	50	83	41	3
100	50	84	41	3
100	50	85	41	3
100	50	86	41	3
100	50	87	41	3
100	50	88	41	3
100	50	89	41	3
100	50	90	41	3
100	50	91	41	3
100	50	92	41	3
100	50	93	41	3
100	50	94	41	3
100	50	95	41	3
100	50	96	41	3
100	50	97	41	3
100	50	98	41	3
100	50	99	41	3
100	50	100	41	3
100	50	50	40	1
100	50	51	40	1
100	50	52	40	1
100	50	53	40	1
100	50	54	40	1
100	50	55	40	1
100	50	56	40	1
100	50	57	40	1
100	50	58	40	1
100	50	59	40	1
100	50	60	40	2
100	50	61	40	2
100	50	62	40	2
100	50	63	40	2
100	50	64	40	2
100	50	65	40	2
100	50	66	40	2
100	50	67	40	2
100	50	68	40	2
100	50	69	40	2
100	50	70	40	3
100	50	71	40	3
100	50	72	40	3
100	50	73	40	3
100	50	74	40	3
100	50	75	40	3
100	50	76	40	3
100	50	77	40	3
100	50	78	40	3
100	50	79	40	3
100	50	80	40	4
100	50	81	40	4
100	50	82	40	4
100	50	83	40	4
100	50	84	40	4
100	50	85	40	4
100	50	86	40	4
100	50	87	40	4
100	50	88	40	4
100	50	89	40	4
100	50	90	40	4
100	50	91	40	4
100	50	92	40	4
100	50	93	40	4
100	50	94	40	4
100	50	95	40	4
100	50	96	40	4
100	50	97	40	4
100	50	98	40	4
100	50	99	40	4
100	50	100	40	4
100	50	50	39	1
100	50	51	39	1
100	50	52	39	1
100	50	53	39	1
100	50	54	39	1
100	50	55	39	1
100	50	56	39	1
100	50	57	39	1
100	50	58	39	1
100	50	59	39	1
100	50	60	39	2
100	50	61	39	2
100	50	62	39	2
100	50	63	39	2
100	50	64	39	2
100	50	65	39	2
100	50	66	39	2
100	50	67	39	2
100	50	68	39	2
100	50	69	39	2
100	50	70	39	3
100	50	71	39	3
100	50	72	39	3
100	50	73	39	3
100	50	74	39	3
100	50	75	39	3
100	50	76	39	3
100	50	77	39	3
100	50	78	39	3
100	50	79	39	3
100	50	80	39	4
100	50	81	39	4
100	50	82	39	4
100	50	83	39	4
100	50	84	39	4
100	50	85	39	4
100	50	86	39	4
100	50	87	39	4
100	50	88	39	4
100	50	89	39	4
100	50	90	39	4
100	50	91	39	4
100	50	92	39	4
100	50	93	39	4
100	50	94	39	4
100	50	95	39	4
100	50	96	39	4
100	50	97	39	4
100	50	98	39	4
100	50	99	39	4
100	50	100	39	4
100	50	50	38	1
100	50	51	38	1
100	50	52	38	1
100	50	53	38	1
100	50	54	38	1
100	50	55	38	1
100	50	56	38	1
100	50	57	38	1
100	50	58	38	1
100	50	59	38	1
100	50	60	38	2
100	50	61	38	2
100	50	62	38	2
100	50	63	38	2
100	50	64	38	2
100	50	65	38	2
100	50	66	38	2
100	50	67	38	2
100	50	68	38	2
100	50	69	38	2
100	50	70	38	3
100	50	71	38	3
100	50	72	38	3
100	50	73	38	3
100	50	74	38	3
100	50	75	38	3
100	50	76	38	3
100	50	77	38	3
100	50	78	38	3
100	50	79	38	3
100	50	80	38	4
100	50	81	38	4
100	50	82	38	4
100	50	83	38	4
100	50	84	38	4
100	50	85	38	4
100	50	86	38	4
100	50	87	38	4
100	50	88	38	4
100	50	89	38	4
100	50	90	38	4
100	50	91	38	4
100	50	92	38	4
100	50	93	38	4
100	50	94	38	4
100	50	95	38	4
100	50	96	38	4
100	50	97	38	4
100	50	98	38	4
100	50	99	38	4
100	50	100	38	4
100	50	50	37	1
100	50	51	37	1
100	50	52	37	1
100	50	53	37	1
100	50	54	37	1
100	50	55	37	1
100	50	56	37	1
100	50	57	37	1
100	50	58	37	1
100	50	59	37	1
100	50	60	37	2
100	50	61	37	2
100	50	62	37	2
100	50	63	37	2
100	50	64	37	2
100	50	65	37	2
100	50	66	37	2
100	50	67	37	2
100	50	68	37	2
100	50	69	37	2
100	50	70	37	3
100	50	71	37	3
100	50	72	37	3
100	50	73	37	3
100	50	74	37	3
100	50	75	37	3
100	50	76	37	3
100	50	77	37	3
100	50	78	37	3
100	50	79	37	3
100	50	80	37	4
100	50	81	37	4
100	50	82	37	4
100	50	83	37	4
100	50	84	37	4
100	50	85	37	4
100	50	86	37	4
100	50	87	37	4
100	50	88	37	4
100	50	89	37	4
100	50	90	37	4
100	50	91	37	4
100	50	92	37	4
100	50	93	37	4
100	50	94	37	4
100	50	95	37	4
100	50	96	37	4
100	50	97	37	4
100	50	98	37	4
100	50	99	37	4
100	50	100	37	4
100	50	50	36	1
100	50	51	36	1
100	50	52	36	1
100	50	53	36	1
100	50	54	36	1
100	50	55	36	1
100	50	56	36	1
100	50	57	36	1
100	50	58	36	1
100	50	59	36	1
100	50	60	36	2
100	50	61	36	2
100	50	62	36	2
100	50	63	36	2
100	50	64	36	2
100	50	65	36	2
100	50	66	36	2
100	50	67	36	2
100	50	68	36	2
100	50	69	36	2
100	50	70	36	3
100	50	71	36	3
100	50	72	36	3
100	50	73	36	3
100	50	74	36	3
100	50	75	36	3
100	50	76	36	3
100	50	77	36	3
100	50	78	36	3
100	50	79	36	3
100	50	80	36	4
100	50	81	36	4
100	50	82	36	4
100	50	83	36	4
100	50	84	36	4
100	50	85	36	4
100	50	86	36	4
100	50	87	36	4
100	50	88	36	4
100	50	89	36	4
100	50	90	36	4
100	50	91	36	4
100	50	92	36	4
100	50	93	36	4
100	50	94	36	4
100	50	95	36	4
100	50	96	36	4
100	50	97	36	4
100	50	98	36	4
100	50	99	36	4
100	50	100	36	4
100	50	50	35	1
100	50	51	35	1
100	50	52	35	1
100	50	53	35	1
100	50	54	35	1
100	50	55	35	1
100	50	56	35	1
100	50	57	35	1
100	50	58	35	1
100	50	59	35	1
100	50	60	35	2
100	50	61	35	2
100	50	62	35	2
100	50	63	35	2
100	50	64	35	2
100	50	65	35	2
100	50	66	35	2
100	50	67	35	2
100	50	68	35	2
100	50	69	35	2
100	50	70	35	4
100	50	71	35	4
100	50	72	35	4
100	50	73	35	4
100	50	74	35	4
100	50	75	35	4
100	50	76	35	4
100	50	77	35	4
100	50	78	35	4
100	50	79	35	4
100	50	80	35	5
100	50	81	35	5
100	50	82	35	5
100	50	83	35	5
100	50	84	35	5
100	50	85	35	5
100	50	86	35	5
100	50	87	35	5
100	50	88	35	5
100	50	89	35	5
100	50	90	35	5
100	50	91	35	5
100	50	92	35	5
100	50	93	35	5
100	50	94	35	5
100	50	95	35	5
100	50	96	35	5
100	50	97	35	5
100	50	98	35	5
100	50	99	35	5
100	50	100	35	5
100	50	50	34	1
100	50	51	34	1
100	50	52	34	1
100	50	53	34	1
100	50	54	34	1
100	50	55	34	1
100	50	56	34	1
100	50	57	34	1
100	50	58	34	1
100	50	59	34	1
100	50	60	34	2
100	50	61	34	2
100	50	62	34	2
100	50	63	34	2
100	50	64	34	2
100	50	65	34	2
100	50	66	34	2
100	50	67	34	2
100	50	68	34	2
100	50	69	34	2
100	50	70	34	4
100	50	71	34	4
100	50	72	34	4
100	50	73	34	4
100	50	74	34	4
100	50	75	34	4
100	50	76	34	4
100	50	77	34	4
100	50	78	34	4
100	50	79	34	4
100	50	80	34	5
100	50	81	34	5
100	50	82	34	5
100	50	83	34	5
100	50	84	34	5
100	50	85	34	5
100	50	86	34	5
100	50	87	34	5
100	50	88	34	5
100	50	89	34	5
100	50	90	34	5
100	50	91	34	5
100	50	92	34	5
100	50	93	34	5
100	50	94	34	5
100	50	95	34	5
100	50	96	34	5
100	50	97	34	5
100	50	98	34	5
100	50	99	34	5
100	50	100	34	5
100	50	50	33	1
100	50	51	33	1
100	50	52	33	1
100	50	53	33	1
100	50	54	33	1
100	50	55	33	1
100	50	56	33	1
100	50	57	33	1
100	50	58	33	1
100	50	59	33	1
100	50	60	33	2
100	50	61	33	2
100	50	62	33	2
100	50	63	33	2
100	50	64	33	2
100	50	65	33	2
100	50	66	33	2
100	50	67	33	2
100	50	68	33	2
100	50	69	33	2
100	50	70	33	4
100	50	71	33	4
100	50	72	33	4
100	50	73	33	4
100	50	74	33	4
100	50	75	33	4
100	50	76	33	4
100	50	77	33	4
100	50	78	33	4
100	50	79	33	4
100	50	80	33	5
100	50	81	33	5
100	50	82	33	5
100	50	83	33	5
100	50	84	33	5
100	50	85	33	5
100	50	86	33	5
100	50	87	33	5
100	50	88	33	5
100	50	89	33	5
100	50	90	33	5
100	50	91	33	5
100	50	92	33	5
100	50	93	33	5
100	50	94	33	5
100	50	95	33	5
100	50	96	33	5
100	50	97	33	5
100	50	98	33	5
100	50	99	33	5
100	50	100	33	5
100	50	50	32	1
100	50	51	32	1
100	50	52	32	1
100	50	53	32	1
100	50	54	32	1
100	50	55	32	1
100	50	56	32	1
100	50	57	32	1
100	50	58	32	1
100	50	59	32	1
100	50	60	32	2
100	50	61	32	2
100	50	62	32	2
100	50	63	32	2
100	50	64	32	2
100	50	65	32	2
100	50	66	32	2
100	50	67	32	2
100	50	68	32	2
100	50	69	32	2
100	50	70	32	4
100	50	71	32	4
100	50	72	32	4
100	50	73	32	4
100	50	74	32	4
100	50	75	32	4
100	50	76	32	4
100	50	77	32	4
100	50	78	32	4
100	50	79	32	4
100	50	80	32	5
100	50	81	32	5
100	50	82	32	5
100	50	83	32	5
100	50	84	32	5
100	50	85	32	5
100	50	86	32	5
100	50	87	32	5
100	50	88	32	5
100	50	89	32	5
100	50	90	32	5
100	50	91	32	5
100	50	92	32	5
100	50	93	32	5
100	50	94	32	5
100	50	95	32	5
100	50	96	32	5
100	50	97	32	5
100	50	98	32	5
100	50	99	32	5
100	50	100	32	5
100	50	50	31	1
100	50	51	31	1
100	50	52	31	1
100	50	53	31	1
100	50	54	31	1
100	50	55	31	1
100	50	56	31	1
100	50	57	31	1
100	50	58	31	1
100	50	59	31	1
100	50	60	31	2
100	50	61	31	2
100	50	62	31	2
100	50	63	31	2
100	50	64	31	2
100	50	65	31	2
100	50	66	31	2
100	50	67	31	2
100	50	68	31	2
100	50	69	31	2
100	50	70	31	4
100	50	71	31	4
100	50	72	31	4
100	50	73	31	4
100	50	74	31	4
100	50	75	31	4
100	50	76	31	4
100	50	77	31	4
100	50	78	31	4
100	50	79	31	4
100	50	80	31	5
100	50	81	31	5
100	50	82	31	5
100	50	83	31	5
100	50	84	31	5
100	50	85	31	5
100	50	86	31	5
100	50	87	31	5
100	50	88	31	5
100	50	89	31	5
100	50	90	31	5
100	50	91	31	5
100	50	92	31	5
100	50	93	31	5
100	50	94	31	5
100	50	95	31	5
100	50	96	31	5
100	50	97	31	5
100	50	98	31	5
100	50	99	31	5
100	50	100	31	5
100	50	50	30	1
100	50	51	30	1
100	50	52	30	1
100	50	53	30	1
100	50	54	30	1
100	50	55	30	1
100	50	56	30	1
100	50	57	30	1
100	50	58	30	1
100	50	59	30	1
100	50	60	30	2
100	50	61	30	2
100	50	62	30	2
100	50	63	30	2
100	50	64	30	2
100	50	65	30	2
100	50	66	30	2
100	50	67	30	2
100	50	68	30	2
100	50	69	30	2
100	50	70	30	4
100	50	71	30	4
100	50	72	30	4
100	50	73	30	4
100	50	74	30	4
100	50	75	30	4
100	50	76	30	4
100	50	77	30	4
100	50	78	30	4
100	50	79	30	4
100	50	80	30	5
100	50	81	30	5
100	50	82	30	5
100	50	83	30	5
100	50	84	30	5
100	50	85	30	5
100	50	86	30	5
100	50	87	30	5
100	50	88	30	5
100	50	89	30	5
100	50	90	30	5
100	50	91	30	5
100	50	92	30	5
100	50	93	30	5
100	50	94	30	5
100	50	95	30	5
100	50	96	30	5
100	50	97	30	5
100	50	98	30	5
100	50	99	30	5
100	50	100	30	5
100	50	50	29	1
100	50	51	29	1
100	50	52	29	1
100	50	53	29	1
100	50	54	29	1
100	50	55	29	1
100	50	56	29	1
100	50	57	29	1
100	50	58	29	1
100	50	59	29	1
100	50	60	29	2
100	50	61	29	2
100	50	62	29	2
100	50	63	29	2
100	50	64	29	2
100	50	65	29	2
100	50	66	29	2
100	50	67	29	2
100	50	68	29	2
100	50	69	29	2
100	50	70	29	4
100	50	71	29	4
100	50	72	29	4
100	50	73	29	4
100	50	74	29	4
100	50	75	29	4
100	50	76	29	4
100	50	77	29	4
100	50	78	29	4
100	50	79	29	4
100	50	80	29	5
100	50	81	29	5
100	50	82	29	5
100	50	83	29	5
100	50	84	29	5
100	50	85	29	5
100	50	86	29	5
100	50	87	29	5
100	50	88	29	5
100	50	89	29	5
100	50	90	29	5
100	50	91	29	5
100	50	92	29	5
100	50	93	29	5
100	50	94	29	5
100	50	95	29	5
100	50	96	29	5
100	50	97	29	5
100	50	98	29	5
100	50	99	29	5
100	50	100	29	5
100	50	50	28	1
100	50	51	28	1
100	50	52	28	1
100	50	53	28	1
100	50	54	28	1
100	50	55	28	1
100	50	56	28	1
100	50	57	28	1
100	50	58	28	1
100	50	59	28	1
100	50	60	28	2
100	50	61	28	2
100	50	62	28	2
100	50	63	28	2
100	50	64	28	2
100	50	65	28	2
100	50	66	28	2
100	50	67	28	2
100	50	68	28	2
100	50	69	28	2
100	50	70	28	4
100	50	71	28	4
100	50	72	28	4
100	50	73	28	4
100	50	74	28	4
100	50	75	28	4
100	50	76	28	4
100	50	77	28	4
100	50	78	28	4
100	50	79	28	4
100	50	80	28	5
100	50	81	28	5
100	50	82	28	5
100	50	83	28	5
100	50	84	28	5
100	50	85	28	5
100	50	86	28	5
100	50	87	28	5
100	50	88	28	5
100	50	89	28	5
100	50	90	28	5
100	50	91	28	5
100	50	92	28	5
100	50	93	28	5
100	50	94	28	5
100	50	95	28	5
100	50	96	28	5
100	50	97	28	5
100	50	98	28	5
100	50	99	28	5
100	50	100	28	5
100	50	50	27	1
100	50	51	27	1
100	50	52	27	1
100	50	53	27	1
100	50	54	27	1
100	50	55	27	1
100	50	56	27	1
100	50	57	27	1
100	50	58	27	1
100	50	59	27	1
100	50	60	27	2
100	50	61	27	2
100	50	62	27	2
100	50	63	27	2
100	50	64	27	2
100	50	65	27	2
100	50	66	27	2
100	50	67	27	2
100	50	68	27	2
100	50	69	27	2
100	50	70	27	4
100	50	71	27	4
100	50	72	27	4
100	50	73	27	4
100	50	74	27	4
100	50	75	27	4
100	50	76	27	4
100	50	77	27	4
100	50	78	27	4
100	50	79	27	4
100	50	80	27	5
100	50	81	27	5
100	50	82	27	5
100	50	83	27	5
100	50	84	27	5
100	50	85	27	5
100	50	86	27	5
100	50	87	27	5
100	50	88	27	5
100	50	89	27	5
100	50	90	27	5
100	50	91	27	5
100	50	92	27	5
100	50	93	27	5
100	50	94	27	5
100	50	95	27	5
100	50	96	27	5
100	50	97	27	5
100	50	98	27	5
100	50	99	27	5
100	50	100	27	5
100	50	50	26	1
100	50	51	26	1
100	50	52	26	1
100	50	53	26	1
100	50	54	26	1
100	50	55	26	1
100	50	56	26	1
100	50	57	26	1
100	50	58	26	1
100	50	59	26	1
100	50	60	26	2
100	50	61	26	2
100	50	62	26	2
100	50	63	26	2
100	50	64	26	2
100	50	65	26	2
100	50	66	26	2
100	50	67	26	2
100	50	68	26	2
100	50	69	26	2
100	50	70	26	4
100	50	71	26	4
100	50	72	26	4
100	50	73	26	4
100	50	74	26	4
100	50	75	26	4
100	50	76	26	4
100	50	77	26	4
100	50	78	26	4
100	50	79	26	4
100	50	80	26	5
100	50	81	26	5
100	50	82	26	5
100	50	83	26	5
100	50	84	26	5
100	50	85	26	5
100	50	86	26	5
100	50	87	26	5
100	50	88	26	5
100	50	89	26	5
100	50	90	26	5
100	50	91	26	5
100	50	92	26	5
100	50	93	26	5
100	50	94	26	5
100	50	95	26	5
100	50	96	26	5
100	50	97	26	5
100	50	98	26	5
100	50	99	26	5
100	50	100	26	5
100	50	50	25	1
100	50	51	25	1
100	50	52	25	1
100	50	53	25	1
100	50	54	25	1
100	50	55	25	1
100	50	56	25	1
100	50	57	25	1
100	50	58	25	1
100	50	59	25	1
100	50	60	25	2
100	50	61	25	2
100	50	62	25	2
100	50	63	25	2
100	50	64	25	2
100	50	65	25	2
100	50	66	25	2
100	50	67	25	2
100	50	68	25	2
100	50	69	25	2
100	50	70	25	4
100	50	71	25	4
100	50	72	25	4
100	50	73	25	4
100	50	74	25	4
100	50	75	25	4
100	50	76	25	4
100	50	77	25	4
100	50	78	25	4
100	50	79	25	4
100	50	80	25	5
100	50	81	25	5
100	50	82	25	5
100	50	83	25	5
100	50	84	25	5
100	50	85	25	5
100	50	86	25	5
100	50	87	25	5
100	50	88	25	5
100	50	89	25	5
100	50	90	25	5
100	50	91	25	5
100	50	92	25	5
100	50	93	25	5
100	50	94	25	5
100	50	95	25	5
100	50	96	25	5
100	50	97	25	5
100	50	98	25	5
100	50	99	25	5
100	50	100	25	5
100	50	50	24	1
100	50	51	24	1
100	50	52	24	1
100	50	53	24	1
100	50	54	24	1
100	50	55	24	1
100	50	56	24	1
100	50	57	24	1
100	50	58	24	1
100	50	59	24	1
100	50	60	24	2
100	50	61	24	2
100	50	62	24	2
100	50	63	24	2
100	50	64	24	2
100	50	65	24	2
100	50	66	24	2
100	50	67	24	2
100	50	68	24	2
100	50	69	24	2
100	50	70	24	4
100	50	71	24	4
100	50	72	24	4
100	50	73	24	4
100	50	74	24	4
100	50	75	24	4
100	50	76	24	4
100	50	77	24	4
100	50	78	24	4
100	50	79	24	4
100	50	80	24	5
100	50	81	24	5
100	50	82	24	5
100	50	83	24	5
100	50	84	24	5
100	50	85	24	5
100	50	86	24	5
100	50	87	24	5
100	50	88	24	5
100	50	89	24	5
100	50	90	24	5
100	50	91	24	5
100	50	92	24	5
100	50	93	24	5
100	50	94	24	5
100	50	95	24	5
100	50	96	24	5
100	50	97	24	5
100	50	98	24	5
100	50	99	24	5
100	50	100	24	5
